Url,Texto
https://www.amazon.com/-/es/Adaptador-universal-adaptador-internacional-alimentaci%C3%B3n/dp/B077XRXRZR/ref=sr_1_6?__mk_es_US=%C3%85M%C3%85%C5%BD%C3%95%C3%91&dib=eyJ2IjoiMSJ9.DLJ9xN7usA9ZSs8mh7fPvtYy7DvgD2Nk6YFdNLyorpx0ucWCorV3g4vGItLAVM0AtcPJWEECLrPGy8Spar4fpKP0e12hBq6UT3Xzru8xFfv7V1ju8mMjNYpDLCMXU4bAJlQ7-JhrbhpJUI1r5eGVo_BD_F_wjQJzyKu691F4bXBe-9SMXpcW-wN6-3WIRHruRmFDy9F06TZYVHTwOqTLJ7fj7-fO25m_pb2jL9bSbiQAs4WWlwJlQd23h7Oh9NHqfmrw4Nh8iFtUys7ucXYKo3JYTXPezAzP5iss7Na-Emw._hKCuAYKnjVuM95ZLJYocEVROKW3JlCOvzBydFvivF0&dib_tag=se&keywords=UNIDAPT%2BADAPTADOR%2BDE%2BENCHUFE%2BDE%2BVIAJE&qid=1744673757&sr=8-6,"Unidapt Adaptador de viaje universal, adaptador de enchufe internacional rápido 2,4A 4-USB enchufe de alimentación europeo, cargador de pared de CA - Toma mundial para Europa EE. UU. Reino Unido UE"
https://www.amazon.com/-/es/Unidapt-adaptadores-europeos-adaptador-convertidor/dp/B077WJYNQ5/ref=sr_1_7?__mk_es_US=%C3%85M%C3%85%C5%BD%C3%95%C3%91&dib=eyJ2IjoiMSJ9.DLJ9xN7usA9ZSs8mh7fPvtYy7DvgD2Nk6YFdNLyorpx0ucWCorV3g4vGItLAVM0AtcPJWEECLrPGy8Spar4fpKP0e12hBq6UT3Xzru8xFfv7V1ju8mMjNYpDLCMXU4bAJlQ7-JhrbhpJUI1r5eGVo_BD_F_wjQJzyKu691F4bXBe-9SMXpcW-wN6-3WIRHruRmFDy9F06TZYVHTwOqTLJ7fj7-fO25m_pb2jL9bSbiQAs4WWlwJlQd23h7Oh9NHqfmrw4Nh8iFtUys7ucXYKo3JYTXPezAzP5iss7Na-Emw._hKCuAYKnjVuM95ZLJYocEVROKW3JlCOvzBydFvivF0&dib_tag=se&keywords=UNIDAPT%2BADAPTADOR%2BDE%2BENCHUFE%2BDE%2BVIAJE&qid=1744673757&sr=8-7,"Unidapt - Paquete de 4 adaptadores de enchufe de viaje europeos, adaptador Unidapt de Estados Unidos a Europa, convertidor de salida tipo C, Estados Unidos, Italia, España, Alemania, Francia, UE,"
https://www.amazon.com/-/es/Unidapt-Adaptador-enchufe-europeo-alimentaci%C3%B3n/dp/B0B6KWKDFG/ref=sr_1_8?__mk_es_US=%C3%85M%C3%85%C5%BD%C3%95%C3%91&dib=eyJ2IjoiMSJ9.DLJ9xN7usA9ZSs8mh7fPvtYy7DvgD2Nk6YFdNLyorpx0ucWCorV3g4vGItLAVM0AtcPJWEECLrPGy8Spar4fpKP0e12hBq6UT3Xzru8xFfv7V1ju8mMjNYpDLCMXU4bAJlQ7-JhrbhpJUI1r5eGVo_BD_F_wjQJzyKu691F4bXBe-9SMXpcW-wN6-3WIRHruRmFDy9F06TZYVHTwOqTLJ7fj7-fO25m_pb2jL9bSbiQAs4WWlwJlQd23h7Oh9NHqfmrw4Nh8iFtUys7ucXYKo3JYTXPezAzP5iss7Na-Emw._hKCuAYKnjVuM95ZLJYocEVROKW3JlCOvzBydFvivF0&dib_tag=se&keywords=UNIDAPT%2BADAPTADOR%2BDE%2BENCHUFE%2BDE%2BVIAJE&qid=1744673757&sr=8-8,"Unidapt - Adaptador de enchufe europeo, regleta de alimentación de EE. UU. a Europa del Reino Unido para UE/Reino Unido y EE. UU. con puertos USB C y 4 puertos USB, 3 salidas de CA, montaje en pared,"
https://www.amazon.com/-/es/Unidapt-Adaptador-convertidor-corriente-americano/dp/B077W1CGHG/ref=sr_1_9?__mk_es_US=%C3%85M%C3%85%C5%BD%C3%95%C3%91&dib=eyJ2IjoiMSJ9.DLJ9xN7usA9ZSs8mh7fPvtYy7DvgD2Nk6YFdNLyorpx0ucWCorV3g4vGItLAVM0AtcPJWEECLrPGy8Spar4fpKP0e12hBq6UT3Xzru8xFfv7V1ju8mMjNYpDLCMXU4bAJlQ7-JhrbhpJUI1r5eGVo_BD_F_wjQJzyKu691F4bXBe-9SMXpcW-wN6-3WIRHruRmFDy9F06TZYVHTwOqTLJ7fj7-fO25m_pb2jL9bSbiQAs4WWlwJlQd23h7Oh9NHqfmrw4Nh8iFtUys7ucXYKo3JYTXPezAzP5iss7Na-Emw._hKCuAYKnjVuM95ZLJYocEVROKW3JlCOvzBydFvivF0&dib_tag=se&keywords=UNIDAPT%2BADAPTADOR%2BDE%2BENCHUFE%2BDE%2BVIAJE&qid=1744673757&sr=8-9,"Unidapt – Adaptador de enchufe, convertidor de corriente AC de enchufe europeo a enchufe americano"
https://www.amazon.com/-/es/Adaptador-clavijas-conexi%C3%B3n-adaptador-convertidor/dp/B08D741PV6/ref=sr_1_10?__mk_es_US=%C3%85M%C3%85%C5%BD%C3%95%C3%91&dib=eyJ2IjoiMSJ9.DLJ9xN7usA9ZSs8mh7fPvtYy7DvgD2Nk6YFdNLyorpx0ucWCorV3g4vGItLAVM0AtcPJWEECLrPGy8Spar4fpKP0e12hBq6UT3Xzru8xFfv7V1ju8mMjNYpDLCMXU4bAJlQ7-JhrbhpJUI1r5eGVo_BD_F_wjQJzyKu691F4bXBe-9SMXpcW-wN6-3WIRHruRmFDy9F06TZYVHTwOqTLJ7fj7-fO25m_pb2jL9bSbiQAs4WWlwJlQd23h7Oh9NHqfmrw4Nh8iFtUys7ucXYKo3JYTXPezAzP5iss7Na-Emw._hKCuAYKnjVuM95ZLJYocEVROKW3JlCOvzBydFvivF0&dib_tag=se&keywords=UNIDAPT%2BADAPTADOR%2BDE%2BENCHUFE%2BDE%2BVIAJE&qid=1744673757&sr=8-10,"Unidapt Adaptador de enchufe de viaje de EE. UU., UE, AU, Reino Unido, NZ, CN, en Estados Unidos (tipo B), enchufe de pared de 3 clavijas con conexión a tierra de EE. UU., adaptador y convertidor de"
https://www.amazon.com/-/es/Unidapt-Adaptador-adaptador-universal-alimentaci%C3%B3n/dp/B081Y6J4TP/ref=sr_1_13?__mk_es_US=%C3%85M%C3%85%C5%BD%C3%95%C3%91&dib=eyJ2IjoiMSJ9.DLJ9xN7usA9ZSs8mh7fPvtYy7DvgD2Nk6YFdNLyorpx0ucWCorV3g4vGItLAVM0AtcPJWEECLrPGy8Spar4fpKP0e12hBq6UT3Xzru8xFfv7V1ju8mMjNYpDLCMXU4bAJlQ7-JhrbhpJUI1r5eGVo_BD_F_wjQJzyKu691F4bXBe-9SMXpcW-wN6-3WIRHruRmFDy9F06TZYVHTwOqTLJ7fj7-fO25m_pb2jL9bSbiQAs4WWlwJlQd23h7Oh9NHqfmrw4Nh8iFtUys7ucXYKo3JYTXPezAzP5iss7Na-Emw._hKCuAYKnjVuM95ZLJYocEVROKW3JlCOvzBydFvivF0&dib_tag=se&keywords=UNIDAPT%2BADAPTADOR%2BDE%2BENCHUFE%2BDE%2BVIAJE&qid=1744673757&sr=8-13,"Unidapt Adaptador de enchufe pequeño de Europa a América, adaptador de la UE a los Estados Unidos, entrada universal Europa/Asia a Estados Unidos/Canadá adaptador de enchufe de alimentación de viaje,"
https://www.amazon.com/-/es/Unidapt-Adaptador-alimentaci%C3%B3n-internacional-adaptador/dp/B0C8GJV789/ref=sr_1_14?__mk_es_US=%C3%85M%C3%85%C5%BD%C3%95%C3%91&dib=eyJ2IjoiMSJ9.DLJ9xN7usA9ZSs8mh7fPvtYy7DvgD2Nk6YFdNLyorpx0ucWCorV3g4vGItLAVM0AtcPJWEECLrPGy8Spar4fpKP0e12hBq6UT3Xzru8xFfv7V1ju8mMjNYpDLCMXU4bAJlQ7-JhrbhpJUI1r5eGVo_BD_F_wjQJzyKu691F4bXBe-9SMXpcW-wN6-3WIRHruRmFDy9F06TZYVHTwOqTLJ7fj7-fO25m_pb2jL9bSbiQAs4WWlwJlQd23h7Oh9NHqfmrw4Nh8iFtUys7ucXYKo3JYTXPezAzP5iss7Na-Emw._hKCuAYKnjVuM95ZLJYocEVROKW3JlCOvzBydFvivF0&dib_tag=se&keywords=UNIDAPT%2BADAPTADOR%2BDE%2BENCHUFE%2BDE%2BVIAJE&qid=1744673757&sr=8-14,"Unidapt - Adaptador de enchufe de alimentación internacional, adaptador universal de viaje con 3 puertos USB C y 2 puertos USB A, cargador de pared europeo en todo el mundo para UE, Reino Unido, AUS"
https://www.amazon.com/-/es/Unidapt-Adaptador-enchufe-alimentaci%C3%B3n-integrado/dp/B0DQHH9CNG/ref=sr_1_15?__mk_es_US=%C3%85M%C3%85%C5%BD%C3%95%C3%91&dib=eyJ2IjoiMSJ9.DLJ9xN7usA9ZSs8mh7fPvtYy7DvgD2Nk6YFdNLyorpx0ucWCorV3g4vGItLAVM0AtcPJWEECLrPGy8Spar4fpKP0e12hBq6UT3Xzru8xFfv7V1ju8mMjNYpDLCMXU4bAJlQ7-JhrbhpJUI1r5eGVo_BD_F_wjQJzyKu691F4bXBe-9SMXpcW-wN6-3WIRHruRmFDy9F06TZYVHTwOqTLJ7fj7-fO25m_pb2jL9bSbiQAs4WWlwJlQd23h7Oh9NHqfmrw4Nh8iFtUys7ucXYKo3JYTXPezAzP5iss7Na-Emw._hKCuAYKnjVuM95ZLJYocEVROKW3JlCOvzBydFvivF0&dib_tag=se&keywords=UNIDAPT%2BADAPTADOR%2BDE%2BENCHUFE%2BDE%2BVIAJE&qid=1744673757&sr=8-15,"Unidapt - Adaptador de enchufe europeo del Reino Unido, regleta de alimentación de Estados Unidos a Europa para UE/Reino Unido y EE. UU. con cable USB C integrado y 4 puertos USB, 3 salidas de CA,"
https://www.amazon.com/-/es/adaptadores-estadounidense-enchufes-estadounidenses-convertidor/dp/B08MWP6QTN/ref=sr_1_16?__mk_es_US=%C3%85M%C3%85%C5%BD%C3%95%C3%91&dib=eyJ2IjoiMSJ9.DLJ9xN7usA9ZSs8mh7fPvtYy7DvgD2Nk6YFdNLyorpx0ucWCorV3g4vGItLAVM0AtcPJWEECLrPGy8Spar4fpKP0e12hBq6UT3Xzru8xFfv7V1ju8mMjNYpDLCMXU4bAJlQ7-JhrbhpJUI1r5eGVo_BD_F_wjQJzyKu691F4bXBe-9SMXpcW-wN6-3WIRHruRmFDy9F06TZYVHTwOqTLJ7fj7-fO25m_pb2jL9bSbiQAs4WWlwJlQd23h7Oh9NHqfmrw4Nh8iFtUys7ucXYKo3JYTXPezAzP5iss7Na-Emw._hKCuAYKnjVuM95ZLJYocEVROKW3JlCOvzBydFvivF0&dib_tag=se&keywords=UNIDAPT%2BADAPTADOR%2BDE%2BENCHUFE%2BDE%2BVIAJE&qid=1744673757&sr=8-16,"Paquete de 2 adaptadores de enchufe europeo a estadounidense, adaptadores Unidapt Europa a Estados Unidos, viajes de la UE a enchufes estadounidenses, convertidor de pines alemán, francés, español a"
https://www.amazon.com/-/es/Adaptador-alimentaci%C3%B3n-internacional-Internacional-extensi%C3%B3n/dp/B0BRBT2XDL/ref=sr_1_21?__mk_es_US=%C3%85M%C3%85%C5%BD%C3%95%C3%91&dib=eyJ2IjoiMSJ9.DLJ9xN7usA9ZSs8mh7fPvtYy7DvgD2Nk6YFdNLyorpx0ucWCorV3g4vGItLAVM0AtcPJWEECLrPGy8Spar4fpKP0e12hBq6UT3Xzru8xFfv7V1ju8mMjNYpDLCMXU4bAJlQ7-JhrbhpJUI1r5eGVo_BD_F_wjQJzyKu691F4bXBe-9SMXpcW-wN6-3WIRHruRmFDy9F06TZYVHTwOqTLJ7fj7-fO25m_pb2jL9bSbiQAs4WWlwJlQd23h7Oh9NHqfmrw4Nh8iFtUys7ucXYKo3JYTXPezAzP5iss7Na-Emw._hKCuAYKnjVuM95ZLJYocEVROKW3JlCOvzBydFvivF0&dib_tag=se&keywords=UNIDAPT%2BADAPTADOR%2BDE%2BENCHUFE%2BDE%2BVIAJE&qid=1744673757&sr=8-21,"Adaptador de enchufe de viaje europeo, tira de alimentación internacional Unidapt Internacional, cable de extensión USB de Estados Unidos a Europa, adaptador de enchufe para UE con 3 puertos USB y 3"
https://www.amazon.com/-/es/Unidapt-Paquete-adaptadores-enchufe-Estados/dp/B077WCS211/ref=sr_1_22?__mk_es_US=%C3%85M%C3%85%C5%BD%C3%95%C3%91&dib=eyJ2IjoiMSJ9.DLJ9xN7usA9ZSs8mh7fPvtYy7DvgD2Nk6YFdNLyorpx0ucWCorV3g4vGItLAVM0AtcPJWEECLrPGy8Spar4fpKP0e12hBq6UT3Xzru8xFfv7V1ju8mMjNYpDLCMXU4bAJlQ7-JhrbhpJUI1r5eGVo_BD_F_wjQJzyKu691F4bXBe-9SMXpcW-wN6-3WIRHruRmFDy9F06TZYVHTwOqTLJ7fj7-fO25m_pb2jL9bSbiQAs4WWlwJlQd23h7Oh9NHqfmrw4Nh8iFtUys7ucXYKo3JYTXPezAzP5iss7Na-Emw._hKCuAYKnjVuM95ZLJYocEVROKW3JlCOvzBydFvivF0&dib_tag=se&keywords=UNIDAPT%2BADAPTADOR%2BDE%2BENCHUFE%2BDE%2BVIAJE&qid=1744673757&sr=8-22,"Unidapt Paquete de 2 adaptadores de enchufe de viaje de Europa, adaptadores de enchufe de Estados Unidos a Europa, viajes de EE. UU., Canadá, América, México, a la UE, Europa, Italia, Francia,"
https://www.amazon.com/-/es/Adaptador-adaptador-Adaptadores-unidades-convertidor/dp/B09HGJCHZB/ref=sr_1_23?__mk_es_US=%C3%85M%C3%85%C5%BD%C3%95%C3%91&dib=eyJ2IjoiMSJ9.DLJ9xN7usA9ZSs8mh7fPvtYy7DvgD2Nk6YFdNLyorpx0ucWCorV3g4vGItLAVM0AtcPJWEECLrPGy8Spar4fpKP0e12hBq6UT3Xzru8xFfv7V1ju8mMjNYpDLCMXU4bAJlQ7-JhrbhpJUI1r5eGVo_BD_F_wjQJzyKu691F4bXBe-9SMXpcW-wN6-3WIRHruRmFDy9F06TZYVHTwOqTLJ7fj7-fO25m_pb2jL9bSbiQAs4WWlwJlQd23h7Oh9NHqfmrw4Nh8iFtUys7ucXYKo3JYTXPezAzP5iss7Na-Emw._hKCuAYKnjVuM95ZLJYocEVROKW3JlCOvzBydFvivF0&dib_tag=se&keywords=UNIDAPT%2BADAPTADOR%2BDE%2BENCHUFE%2BDE%2BVIAJE&qid=1744673757&sr=8-23,"Adaptador de viaje de Reino Unido a EE. UU., adaptador de enchufe de India a EE. UU., Adaptadores Unidapt para EE. UU., 2 unidades, convertidor de enchufe, adaptador de viaje de EE. UU., UE a EE. UU."
https://www.amazon.com/-/es/Adaptador-enchufe-Unidapt-conexi%C3%B3n-adaptador/dp/B08D3XG13X/ref=sr_1_24?__mk_es_US=%C3%85M%C3%85%C5%BD%C3%95%C3%91&dib=eyJ2IjoiMSJ9.DLJ9xN7usA9ZSs8mh7fPvtYy7DvgD2Nk6YFdNLyorpx0ucWCorV3g4vGItLAVM0AtcPJWEECLrPGy8Spar4fpKP0e12hBq6UT3Xzru8xFfv7V1ju8mMjNYpDLCMXU4bAJlQ7-JhrbhpJUI1r5eGVo_BD_F_wjQJzyKu691F4bXBe-9SMXpcW-wN6-3WIRHruRmFDy9F06TZYVHTwOqTLJ7fj7-fO25m_pb2jL9bSbiQAs4WWlwJlQd23h7Oh9NHqfmrw4Nh8iFtUys7ucXYKo3JYTXPezAzP5iss7Na-Emw._hKCuAYKnjVuM95ZLJYocEVROKW3JlCOvzBydFvivF0&dib_tag=se&keywords=UNIDAPT%2BADAPTADOR%2BDE%2BENCHUFE%2BDE%2BVIAJE&qid=1744673757&sr=8-24,"Adaptador de enchufe de viaje de EE. UU., Unidapt EU/Reino Unido/AU/in/CN/JP/Asia/Italia/Brasil a Estados Unidos tipo B, enchufe de pared de Estados Unidos con conexión a tierra, adaptador de viaje de"
https://www.amazon.com/-/es/Unidapt-estadounidense-adaptadores-universales-Convertidor/dp/B08D3ZTSQK/ref=sr_1_27?__mk_es_US=%C3%85M%C3%85%C5%BD%C3%95%C3%91&dib=eyJ2IjoiMSJ9.DLJ9xN7usA9ZSs8mh7fPvtYy7DvgD2Nk6YFdNLyorpx0ucWCorV3g4vGItLAVM0AtcPJWEECLrPGy8Spar4fpKP0e12hBq6UT3Xzru8xFfv7V1ju8mMjNYpDLCMXU4bAJlQ7-JhrbhpJUI1r5eGVo_BD_F_wjQJzyKu691F4bXBe-9SMXpcW-wN6-3WIRHruRmFDy9F06TZYVHTwOqTLJ7fj7-fO25m_pb2jL9bSbiQAs4WWlwJlQd23h7Oh9NHqfmrw4Nh8iFtUys7ucXYKo3JYTXPezAzP5iss7Na-Emw._hKCuAYKnjVuM95ZLJYocEVROKW3JlCOvzBydFvivF0&dib_tag=se&keywords=UNIDAPT%2BADAPTADOR%2BDE%2BENCHUFE%2BDE%2BVIAJE&qid=1744673757&sr=8-27,"Unidapt Adaptador de enchufe de viaje de EE. UU., Canadá y México, adaptador de enchufe europeo a estadounidense, adaptadores de salida universales, paquete de 2 adaptadores UE a EE. UU., Convertidor"
https://www.amazon.com/-/es/Unidapt-Optimal-USA-adaptadores-estadounidenses/dp/B08K9DX2HX/ref=sr_1_28?__mk_es_US=%C3%85M%C3%85%C5%BD%C3%95%C3%91&dib=eyJ2IjoiMSJ9.DLJ9xN7usA9ZSs8mh7fPvtYy7DvgD2Nk6YFdNLyorpx0ucWCorV3g4vGItLAVM0AtcPJWEECLrPGy8Spar4fpKP0e12hBq6UT3Xzru8xFfv7V1ju8mMjNYpDLCMXU4bAJlQ7-JhrbhpJUI1r5eGVo_BD_F_wjQJzyKu691F4bXBe-9SMXpcW-wN6-3WIRHruRmFDy9F06TZYVHTwOqTLJ7fj7-fO25m_pb2jL9bSbiQAs4WWlwJlQd23h7Oh9NHqfmrw4Nh8iFtUys7ucXYKo3JYTXPezAzP5iss7Na-Emw._hKCuAYKnjVuM95ZLJYocEVROKW3JlCOvzBydFvivF0&dib_tag=se&keywords=UNIDAPT%2BADAPTADOR%2BDE%2BENCHUFE%2BDE%2BVIAJE&qid=1744673757&sr=8-28,"Unidapt Optimal USA - Juego de adaptadores de enchufe de EE. UU. tipo A y B, viaje a la UE, Reino Unido, AU, IT a EE. UU. Canda Mexico Outlet, adaptadores de corriente estadounidenses"
https://www.amazon.com/-/es/VINTAR-adaptadores-adaptador-corriente-internacional/dp/B0D66FB28S/ref=sr_1_29?__mk_es_US=%C3%85M%C3%85%C5%BD%C3%95%C3%91&dib=eyJ2IjoiMSJ9.DLJ9xN7usA9ZSs8mh7fPvtYy7DvgD2Nk6YFdNLyorpx0ucWCorV3g4vGItLAVM0AtcPJWEECLrPGy8Spar4fpKP0e12hBq6UT3Xzru8xFfv7V1ju8mMjNYpDLCMXU4bAJlQ7-JhrbhpJUI1r5eGVo_BD_F_wjQJzyKu691F4bXBe-9SMXpcW-wN6-3WIRHruRmFDy9F06TZYVHTwOqTLJ7fj7-fO25m_pb2jL9bSbiQAs4WWlwJlQd23h7Oh9NHqfmrw4Nh8iFtUys7ucXYKo3JYTXPezAzP5iss7Na-Emw._hKCuAYKnjVuM95ZLJYocEVROKW3JlCOvzBydFvivF0&dib_tag=se&keywords=UNIDAPT%2BADAPTADOR%2BDE%2BENCHUFE%2BDE%2BVIAJE&qid=1744673757&sr=8-29,"VINTAR - Paquete de 2 adaptadores de enchufe de viaje europeos, adaptador de corriente internacional plegable con 4 salidas de CA, 3 puertos USB (2 USB C), cargador adaptador tipo C para EE. UU. a la"
https://www.amazon.com/-/es/Unidapt-Regleta-alimentaci%C3%B3n-extensi%C3%B3n-adaptador/dp/B0CD83384B/ref=sr_1_30?__mk_es_US=%C3%85M%C3%85%C5%BD%C3%95%C3%91&dib=eyJ2IjoiMSJ9.DLJ9xN7usA9ZSs8mh7fPvtYy7DvgD2Nk6YFdNLyorpx0ucWCorV3g4vGItLAVM0AtcPJWEECLrPGy8Spar4fpKP0e12hBq6UT3Xzru8xFfv7V1ju8mMjNYpDLCMXU4bAJlQ7-JhrbhpJUI1r5eGVo_BD_F_wjQJzyKu691F4bXBe-9SMXpcW-wN6-3WIRHruRmFDy9F06TZYVHTwOqTLJ7fj7-fO25m_pb2jL9bSbiQAs4WWlwJlQd23h7Oh9NHqfmrw4Nh8iFtUys7ucXYKo3JYTXPezAzP5iss7Na-Emw._hKCuAYKnjVuM95ZLJYocEVROKW3JlCOvzBydFvivF0&dib_tag=se&keywords=UNIDAPT%2BADAPTADOR%2BDE%2BENCHUFE%2BDE%2BVIAJE&qid=1744673757&sr=8-30,"Unidapt - Regleta de alimentación de viaje, cable de extensión de 5 pies de EE. UU. a Europa, Reino Unido, adaptador de enchufe GAN de 75 W con 3 puertos USB C PD y 2 puertos USB QC, 3 salidas de CA,"
https://www.amazon.com/-/es/Adaptador-viaje-Ceptics-Filipinas-compacto/dp/B06XSJ14CX/ref=sr_1_31?__mk_es_US=%C3%85M%C3%85%C5%BD%C3%95%C3%91&dib=eyJ2IjoiMSJ9.DLJ9xN7usA9ZSs8mh7fPvtYy7DvgD2Nk6YFdNLyorpx0ucWCorV3g4vGItLAVM0AtcPJWEECLrPGy8Spar4fpKP0e12hBq6UT3Xzru8xFfv7V1ju8mMjNYpDLCMXU4bAJlQ7-JhrbhpJUI1r5eGVo_BD_F_wjQJzyKu691F4bXBe-9SMXpcW-wN6-3WIRHruRmFDy9F06TZYVHTwOqTLJ7fj7-fO25m_pb2jL9bSbiQAs4WWlwJlQd23h7Oh9NHqfmrw4Nh8iFtUys7ucXYKo3JYTXPezAzP5iss7Na-Emw._hKCuAYKnjVuM95ZLJYocEVROKW3JlCOvzBydFvivF0&dib_tag=se&keywords=UNIDAPT%2BADAPTADOR%2BDE%2BENCHUFE%2BDE%2BVIAJE&qid=1744673757&sr=8-31,"Adaptador de viaje Ceptics, de EE. UU. a Japón, Filipinas, con doble USB, tipo A, ultra compacto All in One - 2 USB + 2 US Sockets Blanco"
https://www.amazon.com/-/es/Adaptador-enchufes-m%C3%BAltiples-extensor-dormitorio/dp/B08JMC3Z7V/ref=sr_1_32?__mk_es_US=%C3%85M%C3%85%C5%BD%C3%95%C3%91&dib=eyJ2IjoiMSJ9.DLJ9xN7usA9ZSs8mh7fPvtYy7DvgD2Nk6YFdNLyorpx0ucWCorV3g4vGItLAVM0AtcPJWEECLrPGy8Spar4fpKP0e12hBq6UT3Xzru8xFfv7V1ju8mMjNYpDLCMXU4bAJlQ7-JhrbhpJUI1r5eGVo_BD_F_wjQJzyKu691F4bXBe-9SMXpcW-wN6-3WIRHruRmFDy9F06TZYVHTwOqTLJ7fj7-fO25m_pb2jL9bSbiQAs4WWlwJlQd23h7Oh9NHqfmrw4Nh8iFtUys7ucXYKo3JYTXPezAzP5iss7Na-Emw._hKCuAYKnjVuM95ZLJYocEVROKW3JlCOvzBydFvivF0&dib_tag=se&keywords=UNIDAPT%2BADAPTADOR%2BDE%2BENCHUFE%2BDE%2BVIAJE&qid=1744673757&sr=8-32,"Unidapt Adaptador de pared de 3 enchufes múltiples, divisor de múltiples tomas, extensor de enchufe de pared con conexión a tierra, expansor de enchufe para crucero, hogar, oficina, dormitorio"
https://www.amazon.com/-/es/Adaptador-convertidor-estadounidense-cargador-corriente/dp/B08MYKQ1H9/ref=sr_1_33?__mk_es_US=%C3%85M%C3%85%C5%BD%C3%95%C3%91&dib=eyJ2IjoiMSJ9.DLJ9xN7usA9ZSs8mh7fPvtYy7DvgD2Nk6YFdNLyorpx0ucWCorV3g4vGItLAVM0AtcPJWEECLrPGy8Spar4fpKP0e12hBq6UT3Xzru8xFfv7V1ju8mMjNYpDLCMXU4bAJlQ7-JhrbhpJUI1r5eGVo_BD_F_wjQJzyKu691F4bXBe-9SMXpcW-wN6-3WIRHruRmFDy9F06TZYVHTwOqTLJ7fj7-fO25m_pb2jL9bSbiQAs4WWlwJlQd23h7Oh9NHqfmrw4Nh8iFtUys7ucXYKo3JYTXPezAzP5iss7Na-Emw._hKCuAYKnjVuM95ZLJYocEVROKW3JlCOvzBydFvivF0&dib_tag=se&keywords=UNIDAPT%2BADAPTADOR%2BDE%2BENCHUFE%2BDE%2BVIAJE&qid=1744673757&sr=8-33,"Adaptador de enchufe de Europa a EE. UU. UE/UK/AU/in/CN/JP/Asia/Italia/Brasil a Estados Unidos (Tipo A y B) Adaptador y convertidor de viaje estadounidense, convertidor de cargador de corriente de"
https://www.amazon.com/-/es/VINTAR-Adaptador-universal-internacional-convertidor/dp/B0BVZBPTSF/ref=sr_1_34?__mk_es_US=%C3%85M%C3%85%C5%BD%C3%95%C3%91&dib=eyJ2IjoiMSJ9.DLJ9xN7usA9ZSs8mh7fPvtYy7DvgD2Nk6YFdNLyorpx0ucWCorV3g4vGItLAVM0AtcPJWEECLrPGy8Spar4fpKP0e12hBq6UT3Xzru8xFfv7V1ju8mMjNYpDLCMXU4bAJlQ7-JhrbhpJUI1r5eGVo_BD_F_wjQJzyKu691F4bXBe-9SMXpcW-wN6-3WIRHruRmFDy9F06TZYVHTwOqTLJ7fj7-fO25m_pb2jL9bSbiQAs4WWlwJlQd23h7Oh9NHqfmrw4Nh8iFtUys7ucXYKo3JYTXPezAzP5iss7Na-Emw._hKCuAYKnjVuM95ZLJYocEVROKW3JlCOvzBydFvivF0&dib_tag=se&keywords=UNIDAPT%2BADAPTADOR%2BDE%2BENCHUFE%2BDE%2BVIAJE&qid=1744673757&sr=8-34,"VINTAR - Adaptador de viaje universal, adaptador de corriente internacional con 6A, 3 USB C y 2 puertos USB, adaptador de enchufe esencial de viaje todo en uno, convertidor de salida mundial para"
https://www.amazon.com/-/es/VINTAR-adaptadores-adaptador-corriente-internacional/dp/B0D1KDXR2H/ref=sr_1_35?__mk_es_US=%C3%85M%C3%85%C5%BD%C3%95%C3%91&dib=eyJ2IjoiMSJ9.DLJ9xN7usA9ZSs8mh7fPvtYy7DvgD2Nk6YFdNLyorpx0ucWCorV3g4vGItLAVM0AtcPJWEECLrPGy8Spar4fpKP0e12hBq6UT3Xzru8xFfv7V1ju8mMjNYpDLCMXU4bAJlQ7-JhrbhpJUI1r5eGVo_BD_F_wjQJzyKu691F4bXBe-9SMXpcW-wN6-3WIRHruRmFDy9F06TZYVHTwOqTLJ7fj7-fO25m_pb2jL9bSbiQAs4WWlwJlQd23h7Oh9NHqfmrw4Nh8iFtUys7ucXYKo3JYTXPezAzP5iss7Na-Emw._hKCuAYKnjVuM95ZLJYocEVROKW3JlCOvzBydFvivF0&dib_tag=se&keywords=UNIDAPT%2BADAPTADOR%2BDE%2BENCHUFE%2BDE%2BVIAJE&qid=1744673757&sr=8-35,"VINTAR - Paquete de 2 adaptadores de enchufe de viaje europeos, adaptador de corriente internacional plegable con 2 salidas de CA, 3 puertos de carga USB (2 USB C), adaptador de corriente tipo C para"
https://www.amazon.com/-/es/Adaptador-universal-adaptador-convertidores-alimentaci%C3%B3n/dp/B01FO4W5W2/ref=sr_1_36?__mk_es_US=%C3%85M%C3%85%C5%BD%C3%95%C3%91&dib=eyJ2IjoiMSJ9.DLJ9xN7usA9ZSs8mh7fPvtYy7DvgD2Nk6YFdNLyorpx0ucWCorV3g4vGItLAVM0AtcPJWEECLrPGy8Spar4fpKP0e12hBq6UT3Xzru8xFfv7V1ju8mMjNYpDLCMXU4bAJlQ7-JhrbhpJUI1r5eGVo_BD_F_wjQJzyKu691F4bXBe-9SMXpcW-wN6-3WIRHruRmFDy9F06TZYVHTwOqTLJ7fj7-fO25m_pb2jL9bSbiQAs4WWlwJlQd23h7Oh9NHqfmrw4Nh8iFtUys7ucXYKo3JYTXPezAzP5iss7Na-Emw._hKCuAYKnjVuM95ZLJYocEVROKW3JlCOvzBydFvivF0&dib_tag=se&keywords=UNIDAPT%2BADAPTADOR%2BDE%2BENCHUFE%2BDE%2BVIAJE&qid=1744673757&sr=8-36,"Adaptador de viaje con USB C, universal todo en uno, adaptador de viaje en todo el mundo, convertidores de corriente, cargador de pared, adaptador de enchufe de alimentación de CA, puertos de carga"
https://www.amazon.com/-/es/Paquete-adaptadores-universales-enchufe-Europa/dp/B09BND2M4Q/ref=sr_1_37?__mk_es_US=%C3%85M%C3%85%C5%BD%C3%95%C3%91&dib=eyJ2IjoiMSJ9.DLJ9xN7usA9ZSs8mh7fPvtYy7DvgD2Nk6YFdNLyorpx0ucWCorV3g4vGItLAVM0AtcPJWEECLrPGy8Spar4fpKP0e12hBq6UT3Xzru8xFfv7V1ju8mMjNYpDLCMXU4bAJlQ7-JhrbhpJUI1r5eGVo_BD_F_wjQJzyKu691F4bXBe-9SMXpcW-wN6-3WIRHruRmFDy9F06TZYVHTwOqTLJ7fj7-fO25m_pb2jL9bSbiQAs4WWlwJlQd23h7Oh9NHqfmrw4Nh8iFtUys7ucXYKo3JYTXPezAzP5iss7Na-Emw._hKCuAYKnjVuM95ZLJYocEVROKW3JlCOvzBydFvivF0&dib_tag=se&keywords=UNIDAPT%2BADAPTADOR%2BDE%2BENCHUFE%2BDE%2BVIAJE&qid=1744673757&sr=8-37,"Paquete de 4 adaptadores universales, adaptadores de viaje de enchufe de Europa a EE. UU. (blanco)"
https://www.amazon.com/-/es/tomacorrientes-protectores-sobretensi%C3%B3n-alimentaci%C3%B3n-espaciados/dp/B09PKLZQJ2/ref=sr_1_38?__mk_es_US=%C3%85M%C3%85%C5%BD%C3%95%C3%91&dib=eyJ2IjoiMSJ9.DLJ9xN7usA9ZSs8mh7fPvtYy7DvgD2Nk6YFdNLyorpx0ucWCorV3g4vGItLAVM0AtcPJWEECLrPGy8Spar4fpKP0e12hBq6UT3Xzru8xFfv7V1ju8mMjNYpDLCMXU4bAJlQ7-JhrbhpJUI1r5eGVo_BD_F_wjQJzyKu691F4bXBe-9SMXpcW-wN6-3WIRHruRmFDy9F06TZYVHTwOqTLJ7fj7-fO25m_pb2jL9bSbiQAs4WWlwJlQd23h7Oh9NHqfmrw4Nh8iFtUys7ucXYKo3JYTXPezAzP5iss7Na-Emw._hKCuAYKnjVuM95ZLJYocEVROKW3JlCOvzBydFvivF0&dib_tag=se&keywords=UNIDAPT%2BADAPTADOR%2BDE%2BENCHUFE%2BDE%2BVIAJE&qid=1744673757&sr=8-38,"Unidapt Extensor de 6 tomacorrientes múltiples, paquete de 2 protectores de sobretensión, divisor de pared, regleta de alimentación 1800J, adaptador de 3 lados amplios espaciados, expansor de cargador"
https://www.amazon.com/-/es/Adaptador-universal-adaptador-alimentaci%C3%B3n-internecional/dp/B0DQ5CBJFD/ref=sr_1_39?__mk_es_US=%C3%85M%C3%85%C5%BD%C3%95%C3%91&dib=eyJ2IjoiMSJ9.DLJ9xN7usA9ZSs8mh7fPvtYy7DvgD2Nk6YFdNLyorpx0ucWCorV3g4vGItLAVM0AtcPJWEECLrPGy8Spar4fpKP0e12hBq6UT3Xzru8xFfv7V1ju8mMjNYpDLCMXU4bAJlQ7-JhrbhpJUI1r5eGVo_BD_F_wjQJzyKu691F4bXBe-9SMXpcW-wN6-3WIRHruRmFDy9F06TZYVHTwOqTLJ7fj7-fO25m_pb2jL9bSbiQAs4WWlwJlQd23h7Oh9NHqfmrw4Nh8iFtUys7ucXYKo3JYTXPezAzP5iss7Na-Emw._hKCuAYKnjVuM95ZLJYocEVROKW3JlCOvzBydFvivF0&dib_tag=se&keywords=UNIDAPT%2BADAPTADOR%2BDE%2BENCHUFE%2BDE%2BVIAJE&qid=1744673757&sr=8-39,"Adaptador de viaje universal en todo el mundo, adaptador de enchufe de alimentación de viaje compacto TECSIX (tipo A C G I), adaptador de salida de cargador de pared internecional de 2500 W para"
https://www.amazon.com/-/es/Adaptador-enchufe-Estados-Convertidor-corriente/dp/B098L3BQM5/ref=sr_1_40?__mk_es_US=%C3%85M%C3%85%C5%BD%C3%95%C3%91&dib=eyJ2IjoiMSJ9.DLJ9xN7usA9ZSs8mh7fPvtYy7DvgD2Nk6YFdNLyorpx0ucWCorV3g4vGItLAVM0AtcPJWEECLrPGy8Spar4fpKP0e12hBq6UT3Xzru8xFfv7V1ju8mMjNYpDLCMXU4bAJlQ7-JhrbhpJUI1r5eGVo_BD_F_wjQJzyKu691F4bXBe-9SMXpcW-wN6-3WIRHruRmFDy9F06TZYVHTwOqTLJ7fj7-fO25m_pb2jL9bSbiQAs4WWlwJlQd23h7Oh9NHqfmrw4Nh8iFtUys7ucXYKo3JYTXPezAzP5iss7Na-Emw._hKCuAYKnjVuM95ZLJYocEVROKW3JlCOvzBydFvivF0&dib_tag=se&keywords=UNIDAPT%2BADAPTADOR%2BDE%2BENCHUFE%2BDE%2BVIAJE&qid=1744673757&sr=8-40,"ALINNA Adaptador de enchufe de EE. UU., UE AU CN a Estados Unidos Adaptador de enchufe de viaje Convertidor de corriente de CA (paquete de 2)"
https://www.amazon.com/-/es/adaptador-universal-convertidor-alimentaci%C3%B3n-internacional/dp/B0CY1V9NK1/ref=sr_1_41?__mk_es_US=%C3%85M%C3%85%C5%BD%C3%95%C3%91&dib=eyJ2IjoiMSJ9.DLJ9xN7usA9ZSs8mh7fPvtYy7DvgD2Nk6YFdNLyorpx0ucWCorV3g4vGItLAVM0AtcPJWEECLrPGy8Spar4fpKP0e12hBq6UT3Xzru8xFfv7V1ju8mMjNYpDLCMXU4bAJlQ7-JhrbhpJUI1r5eGVo_BD_F_wjQJzyKu691F4bXBe-9SMXpcW-wN6-3WIRHruRmFDy9F06TZYVHTwOqTLJ7fj7-fO25m_pb2jL9bSbiQAs4WWlwJlQd23h7Oh9NHqfmrw4Nh8iFtUys7ucXYKo3JYTXPezAzP5iss7Na-Emw._hKCuAYKnjVuM95ZLJYocEVROKW3JlCOvzBydFvivF0&dib_tag=se&keywords=UNIDAPT%2BADAPTADOR%2BDE%2BENCHUFE%2BDE%2BVIAJE&qid=1744673757&sr=8-41,"El adaptador de viaje universal ofrece puertos USB-C de 6.0 A, 3 x 3.0 A, 2 puertos USB-A de 2.4 A y múltiples salidas de CA, convertidor de adaptador de enchufe de alimentación internacional"
https://www.amazon.com/-/es/Bates-Adaptador-enchufe-europeo-Paquete/dp/B0D8ZQJSM3/ref=sr_1_42?__mk_es_US=%C3%85M%C3%85%C5%BD%C3%95%C3%91&dib=eyJ2IjoiMSJ9.DLJ9xN7usA9ZSs8mh7fPvtYy7DvgD2Nk6YFdNLyorpx0ucWCorV3g4vGItLAVM0AtcPJWEECLrPGy8Spar4fpKP0e12hBq6UT3Xzru8xFfv7V1ju8mMjNYpDLCMXU4bAJlQ7-JhrbhpJUI1r5eGVo_BD_F_wjQJzyKu691F4bXBe-9SMXpcW-wN6-3WIRHruRmFDy9F06TZYVHTwOqTLJ7fj7-fO25m_pb2jL9bSbiQAs4WWlwJlQd23h7Oh9NHqfmrw4Nh8iFtUys7ucXYKo3JYTXPezAzP5iss7Na-Emw._hKCuAYKnjVuM95ZLJYocEVROKW3JlCOvzBydFvivF0&dib_tag=se&keywords=UNIDAPT%2BADAPTADOR%2BDE%2BENCHUFE%2BDE%2BVIAJE&qid=1744673757&sr=8-42,"Bates - Adaptador de enchufe de viaje europeo, Paquete de 2, Tipo C, Adaptador de enchufe europeo, Adaptador de enchufe de EE. UU. a Europa, Adaptador para enchufe de Europa, Adaptador de enchufe de"
https://www.amazon.com/-/es/SCOOFEX-Adaptador-alimentaci%C3%B3n-plegable-cargador/dp/B0B21MQFJK/ref=sr_1_43?__mk_es_US=%C3%85M%C3%85%C5%BD%C3%95%C3%91&dib=eyJ2IjoiMSJ9.DLJ9xN7usA9ZSs8mh7fPvtYy7DvgD2Nk6YFdNLyorpx0ucWCorV3g4vGItLAVM0AtcPJWEECLrPGy8Spar4fpKP0e12hBq6UT3Xzru8xFfv7V1ju8mMjNYpDLCMXU4bAJlQ7-JhrbhpJUI1r5eGVo_BD_F_wjQJzyKu691F4bXBe-9SMXpcW-wN6-3WIRHruRmFDy9F06TZYVHTwOqTLJ7fj7-fO25m_pb2jL9bSbiQAs4WWlwJlQd23h7Oh9NHqfmrw4Nh8iFtUys7ucXYKo3JYTXPezAzP5iss7Na-Emw._hKCuAYKnjVuM95ZLJYocEVROKW3JlCOvzBydFvivF0&dib_tag=se&keywords=UNIDAPT%2BADAPTADOR%2BDE%2BENCHUFE%2BDE%2BVIAJE&qid=1744673757&sr=8-43,"Adaptador de enchufe de viaje europeo - Enchufe de alimentación plegable con 3 USB (1 puerto USB C) y 1 cargador de salidas de CA para EE. UU. a la mayoría de Europa - UE Francia, Alemania,"
https://www.amazon.com/-/es/adaptadores-estadounidense-adaptador-convertidor-corriente/dp/B09JRZCDQB/ref=sr_1_44?__mk_es_US=%C3%85M%C3%85%C5%BD%C3%95%C3%91&dib=eyJ2IjoiMSJ9.DLJ9xN7usA9ZSs8mh7fPvtYy7DvgD2Nk6YFdNLyorpx0ucWCorV3g4vGItLAVM0AtcPJWEECLrPGy8Spar4fpKP0e12hBq6UT3Xzru8xFfv7V1ju8mMjNYpDLCMXU4bAJlQ7-JhrbhpJUI1r5eGVo_BD_F_wjQJzyKu691F4bXBe-9SMXpcW-wN6-3WIRHruRmFDy9F06TZYVHTwOqTLJ7fj7-fO25m_pb2jL9bSbiQAs4WWlwJlQd23h7Oh9NHqfmrw4Nh8iFtUys7ucXYKo3JYTXPezAzP5iss7Na-Emw._hKCuAYKnjVuM95ZLJYocEVROKW3JlCOvzBydFvivF0&dib_tag=se&keywords=UNIDAPT%2BADAPTADOR%2BDE%2BENCHUFE%2BDE%2BVIAJE&qid=1744673757&sr=8-44,"Paquete de 6 adaptadores de enchufe europeo a estadounidense, adaptador de enchufe de enchufe europeo a estadounidense, adaptador de enchufe europeo a convertidor de corriente de Estados Unidos"
https://www.amazon.com/-/es/VINTAR-adaptador-corriente-internacional-plegable/dp/B0D66F7FGD/ref=sr_1_45?__mk_es_US=%C3%85M%C3%85%C5%BD%C3%95%C3%91&dib=eyJ2IjoiMSJ9.DLJ9xN7usA9ZSs8mh7fPvtYy7DvgD2Nk6YFdNLyorpx0ucWCorV3g4vGItLAVM0AtcPJWEECLrPGy8Spar4fpKP0e12hBq6UT3Xzru8xFfv7V1ju8mMjNYpDLCMXU4bAJlQ7-JhrbhpJUI1r5eGVo_BD_F_wjQJzyKu691F4bXBe-9SMXpcW-wN6-3WIRHruRmFDy9F06TZYVHTwOqTLJ7fj7-fO25m_pb2jL9bSbiQAs4WWlwJlQd23h7Oh9NHqfmrw4Nh8iFtUys7ucXYKo3JYTXPezAzP5iss7Na-Emw._hKCuAYKnjVuM95ZLJYocEVROKW3JlCOvzBydFvivF0&dib_tag=se&keywords=UNIDAPT%2BADAPTADOR%2BDE%2BENCHUFE%2BDE%2BVIAJE&qid=1744673757&sr=8-45,"VINTAR - 1 adaptador de enchufe de viaje europeo, adaptador de corriente internacional plegable con 4 salidas de CA, 3 puertos USB (2 USB C), cargador adaptador tipo C para EE. UU. a la mayoría de"
https://www.amazon.com/-/es/VINTAR-International-adaptadores-alimentaci%C3%B3n-internacional/dp/B07WY4KWM8/ref=sr_1_46?__mk_es_US=%C3%85M%C3%85%C5%BD%C3%95%C3%91&dib=eyJ2IjoiMSJ9.DLJ9xN7usA9ZSs8mh7fPvtYy7DvgD2Nk6YFdNLyorpx0ucWCorV3g4vGItLAVM0AtcPJWEECLrPGy8Spar4fpKP0e12hBq6UT3Xzru8xFfv7V1ju8mMjNYpDLCMXU4bAJlQ7-JhrbhpJUI1r5eGVo_BD_F_wjQJzyKu691F4bXBe-9SMXpcW-wN6-3WIRHruRmFDy9F06TZYVHTwOqTLJ7fj7-fO25m_pb2jL9bSbiQAs4WWlwJlQd23h7Oh9NHqfmrw4Nh8iFtUys7ucXYKo3JYTXPezAzP5iss7Na-Emw._hKCuAYKnjVuM95ZLJYocEVROKW3JlCOvzBydFvivF0&dib_tag=se&keywords=UNIDAPT%2BADAPTADOR%2BDE%2BENCHUFE%2BDE%2BVIAJE&qid=1744673757&sr=8-46,"VINTAR International - Paquete de 3 adaptadores de enchufe de viaje europeos, adaptador de enchufe de alimentación internacional con 2 salidas americanas, 1 USB C y 3 puertos USB, artículos esenciales"
https://www.amazon.com/-/es/Adaptador-universal-adaptador-convertidores-alimentaci%C3%B3n/dp/B0DWS9MXWV/ref=sr_1_47?__mk_es_US=%C3%85M%C3%85%C5%BD%C3%95%C3%91&dib=eyJ2IjoiMSJ9.DLJ9xN7usA9ZSs8mh7fPvtYy7DvgD2Nk6YFdNLyorpx0ucWCorV3g4vGItLAVM0AtcPJWEECLrPGy8Spar4fpKP0e12hBq6UT3Xzru8xFfv7V1ju8mMjNYpDLCMXU4bAJlQ7-JhrbhpJUI1r5eGVo_BD_F_wjQJzyKu691F4bXBe-9SMXpcW-wN6-3WIRHruRmFDy9F06TZYVHTwOqTLJ7fj7-fO25m_pb2jL9bSbiQAs4WWlwJlQd23h7Oh9NHqfmrw4Nh8iFtUys7ucXYKo3JYTXPezAzP5iss7Na-Emw._hKCuAYKnjVuM95ZLJYocEVROKW3JlCOvzBydFvivF0&dib_tag=se&keywords=UNIDAPT%2BADAPTADOR%2BDE%2BENCHUFE%2BDE%2BVIAJE&qid=1744673757&sr=8-47,"Adaptador de viaje con USB, universal todo en uno, adaptador de viaje en todo el mundo, convertidores de corriente, cargador de pared, adaptador de enchufe de alimentación de CA con 2 puertos USB,"
https://www.amazon.com/-/es/adaptadores-internacionales-tel%C3%A9fonos-celulares-cargadores/dp/B00E7P7UHK/ref=sr_1_48?__mk_es_US=%C3%85M%C3%85%C5%BD%C3%95%C3%91&dib=eyJ2IjoiMSJ9.DLJ9xN7usA9ZSs8mh7fPvtYy7DvgD2Nk6YFdNLyorpx0ucWCorV3g4vGItLAVM0AtcPJWEECLrPGy8Spar4fpKP0e12hBq6UT3Xzru8xFfv7V1ju8mMjNYpDLCMXU4bAJlQ7-JhrbhpJUI1r5eGVo_BD_F_wjQJzyKu691F4bXBe-9SMXpcW-wN6-3WIRHruRmFDy9F06TZYVHTwOqTLJ7fj7-fO25m_pb2jL9bSbiQAs4WWlwJlQd23h7Oh9NHqfmrw4Nh8iFtUys7ucXYKo3JYTXPezAzP5iss7Na-Emw._hKCuAYKnjVuM95ZLJYocEVROKW3JlCOvzBydFvivF0&dib_tag=se&keywords=UNIDAPT%2BADAPTADOR%2BDE%2BENCHUFE%2BDE%2BVIAJE&qid=1744673757&sr=8-48,"Ceptics Juego de enchufes adaptadores para uso en viajes internacionales en todo el mundo, seguro a tierra, funciona con teléfonos celulares, cargadores, baterías, cámara y más"
https://www.amazon.com/-/es/Enchufe-adaptador-Universal-Enchufes-alimentaci%C3%B3n/dp/B00YNU03C8/ref=sr_1_49?__mk_es_US=%C3%85M%C3%85%C5%BD%C3%95%C3%91&dib=eyJ2IjoiMSJ9.DLJ9xN7usA9ZSs8mh7fPvtYy7DvgD2Nk6YFdNLyorpx0ucWCorV3g4vGItLAVM0AtcPJWEECLrPGy8Spar4fpKP0e12hBq6UT3Xzru8xFfv7V1ju8mMjNYpDLCMXU4bAJlQ7-JhrbhpJUI1r5eGVo_BD_F_wjQJzyKu691F4bXBe-9SMXpcW-wN6-3WIRHruRmFDy9F06TZYVHTwOqTLJ7fj7-fO25m_pb2jL9bSbiQAs4WWlwJlQd23h7Oh9NHqfmrw4Nh8iFtUys7ucXYKo3JYTXPezAzP5iss7Na-Emw._hKCuAYKnjVuM95ZLJYocEVROKW3JlCOvzBydFvivF0&dib_tag=se&keywords=UNIDAPT%2BADAPTADOR%2BDE%2BENCHUFE%2BDE%2BVIAJE&qid=1744673757&sr=8-49,Enchufe adaptador de viaje de Estados Unidos a Vietnam/Corea del Sur para Estados Unidos/Universal a Asia Tipo E (C/F) y A Enchufes de alimentación de CA Paquete de 2
https://www.amazon.com/-/es/Adaptador-clavijas-conexi%C3%B3n-adaptador-convertidor/dp/B089VXN782/ref=sr_1_50?__mk_es_US=%C3%85M%C3%85%C5%BD%C3%95%C3%91&dib=eyJ2IjoiMSJ9.DLJ9xN7usA9ZSs8mh7fPvtYy7DvgD2Nk6YFdNLyorpx0ucWCorV3g4vGItLAVM0AtcPJWEECLrPGy8Spar4fpKP0e12hBq6UT3Xzru8xFfv7V1ju8mMjNYpDLCMXU4bAJlQ7-JhrbhpJUI1r5eGVo_BD_F_wjQJzyKu691F4bXBe-9SMXpcW-wN6-3WIRHruRmFDy9F06TZYVHTwOqTLJ7fj7-fO25m_pb2jL9bSbiQAs4WWlwJlQd23h7Oh9NHqfmrw4Nh8iFtUys7ucXYKo3JYTXPezAzP5iss7Na-Emw._hKCuAYKnjVuM95ZLJYocEVROKW3JlCOvzBydFvivF0&dib_tag=se&keywords=UNIDAPT%2BADAPTADOR%2BDE%2BENCHUFE%2BDE%2BVIAJE&qid=1744673757&sr=8-50,"Adaptador de enchufe de viaje de EE. UU. UE/UK/AU/in/CN/JP/Asia/Italia/Brasil a Estados Unidos (tipo B), enchufe de pared de 3 clavijas con conexión a tierra de EE. UU., adaptador y convertidor de"
https://www.amazon.com/-/es/Ceptics-adaptadores-alimentaci%C3%B3n-Compacto-Australia/dp/B07Z46413P/ref=sr_1_51?__mk_es_US=%C3%85M%C3%85%C5%BD%C3%95%C3%91&dib=eyJ2IjoiMSJ9.DLJ9xN7usA9ZSs8mh7fPvtYy7DvgD2Nk6YFdNLyorpx0ucWCorV3g4vGItLAVM0AtcPJWEECLrPGy8Spar4fpKP0e12hBq6UT3Xzru8xFfv7V1ju8mMjNYpDLCMXU4bAJlQ7-JhrbhpJUI1r5eGVo_BD_F_wjQJzyKu691F4bXBe-9SMXpcW-wN6-3WIRHruRmFDy9F06TZYVHTwOqTLJ7fj7-fO25m_pb2jL9bSbiQAs4WWlwJlQd23h7Oh9NHqfmrw4Nh8iFtUys7ucXYKo3JYTXPezAzP5iss7Na-Emw._hKCuAYKnjVuM95ZLJYocEVROKW3JlCOvzBydFvivF0&dib_tag=se&keywords=UNIDAPT%2BADAPTADOR%2BDE%2BENCHUFE%2BDE%2BVIAJE&qid=1744673757&sr=8-51,"Ceptics Juego de adaptadores de enchufe de alimentación mundial, USB dual y USB-C 3.1A, 20 W con QC-PD, 2 salidas de EE. UU. Compacto y potente, uso en Europa, Asia, Australia, Japón, incluye"
https://www.amazon.com/-/es/VINTAR-adaptadores-alimentaci%C3%B3n-internacional-estadounidenses/dp/B07TSYKKQ5/ref=sr_1_52?__mk_es_US=%C3%85M%C3%85%C5%BD%C3%95%C3%91&dib=eyJ2IjoiMSJ9.DLJ9xN7usA9ZSs8mh7fPvtYy7DvgD2Nk6YFdNLyorpx0ucWCorV3g4vGItLAVM0AtcPJWEECLrPGy8Spar4fpKP0e12hBq6UT3Xzru8xFfv7V1ju8mMjNYpDLCMXU4bAJlQ7-JhrbhpJUI1r5eGVo_BD_F_wjQJzyKu691F4bXBe-9SMXpcW-wN6-3WIRHruRmFDy9F06TZYVHTwOqTLJ7fj7-fO25m_pb2jL9bSbiQAs4WWlwJlQd23h7Oh9NHqfmrw4Nh8iFtUys7ucXYKo3JYTXPezAzP5iss7Na-Emw._hKCuAYKnjVuM95ZLJYocEVROKW3JlCOvzBydFvivF0&dib_tag=se&keywords=UNIDAPT%2BADAPTADOR%2BDE%2BENCHUFE%2BDE%2BVIAJE&qid=1744673757&sr=8-52,"VINTAR - Paquete de 3 adaptadores de enchufe de viaje europeos, adaptador de enchufe de alimentación internacional con 2 puertos USB, 2 salidas estadounidenses 4 en 1, esenciales de viaje a Francia,"
https://www.amazon.com/-/es/Adaptador-corriente-universal-internacional-alimentaci%C3%B3n/dp/B077Z7J5V8/ref=sr_1_53?__mk_es_US=%C3%85M%C3%85%C5%BD%C3%95%C3%91&dib=eyJ2IjoiMSJ9.DLJ9xN7usA9ZSs8mh7fPvtYy7DvgD2Nk6YFdNLyorpx0ucWCorV3g4vGItLAVM0AtcPJWEECLrPGy8Spar4fpKP0e12hBq6UT3Xzru8xFfv7V1ju8mMjNYpDLCMXU4bAJlQ7-JhrbhpJUI1r5eGVo_BD_F_wjQJzyKu691F4bXBe-9SMXpcW-wN6-3WIRHruRmFDy9F06TZYVHTwOqTLJ7fj7-fO25m_pb2jL9bSbiQAs4WWlwJlQd23h7Oh9NHqfmrw4Nh8iFtUys7ucXYKo3JYTXPezAzP5iss7Na-Emw._hKCuAYKnjVuM95ZLJYocEVROKW3JlCOvzBydFvivF0&dib_tag=se&keywords=UNIDAPT%2BADAPTADOR%2BDE%2BENCHUFE%2BDE%2BVIAJE&qid=1744673757&sr=8-53,Adaptador de corriente de viaje USB universal todo en uno con 3 puertos USB y cargador de pared internacional tipo C en todo el mundo Enchufe de alimentación de CA de 8 pines enchufe de CA para viajes
https://www.amazon.com/-/es/Adaptador-corriente-universal-convertidor-internacional/dp/B0B4JTQGJM/ref=sr_1_54?__mk_es_US=%C3%85M%C3%85%C5%BD%C3%95%C3%91&dib=eyJ2IjoiMSJ9.DLJ9xN7usA9ZSs8mh7fPvtYy7DvgD2Nk6YFdNLyorpx0ucWCorV3g4vGItLAVM0AtcPJWEECLrPGy8Spar4fpKP0e12hBq6UT3Xzru8xFfv7V1ju8mMjNYpDLCMXU4bAJlQ7-JhrbhpJUI1r5eGVo_BD_F_wjQJzyKu691F4bXBe-9SMXpcW-wN6-3WIRHruRmFDy9F06TZYVHTwOqTLJ7fj7-fO25m_pb2jL9bSbiQAs4WWlwJlQd23h7Oh9NHqfmrw4Nh8iFtUys7ucXYKo3JYTXPezAzP5iss7Na-Emw._hKCuAYKnjVuM95ZLJYocEVROKW3JlCOvzBydFvivF0&dib_tag=se&keywords=UNIDAPT%2BADAPTADOR%2BDE%2BENCHUFE%2BDE%2BVIAJE&qid=1744673757&sr=8-54,"Adaptador de corriente universal en todo el mundo, convertidor de enchufe de viaje internacional todo en uno para EE. UU., UE, Reino Unido, Francia, Italia, Australia, India - Enchufe de"
https://www.amazon.com/-/es/VINTAR-Adaptador-universal-adaptador-internacional/dp/B0CSSMRKLN/ref=sr_1_55?__mk_es_US=%C3%85M%C3%85%C5%BD%C3%95%C3%91&dib=eyJ2IjoiMSJ9.DLJ9xN7usA9ZSs8mh7fPvtYy7DvgD2Nk6YFdNLyorpx0ucWCorV3g4vGItLAVM0AtcPJWEECLrPGy8Spar4fpKP0e12hBq6UT3Xzru8xFfv7V1ju8mMjNYpDLCMXU4bAJlQ7-JhrbhpJUI1r5eGVo_BD_F_wjQJzyKu691F4bXBe-9SMXpcW-wN6-3WIRHruRmFDy9F06TZYVHTwOqTLJ7fj7-fO25m_pb2jL9bSbiQAs4WWlwJlQd23h7Oh9NHqfmrw4Nh8iFtUys7ucXYKo3JYTXPezAzP5iss7Na-Emw._hKCuAYKnjVuM95ZLJYocEVROKW3JlCOvzBydFvivF0&dib_tag=se&keywords=UNIDAPT%2BADAPTADOR%2BDE%2BENCHUFE%2BDE%2BVIAJE&qid=1744673757&sr=8-55,"VINTAR - Adaptador de viaje universal, adaptador de corriente internacional GaN de 100 W con 3 USB C PD y 1 USB A QC, adaptador de enchufe todo en uno, adaptador de viaje en todo el mundo para"
https://www.amazon.com/-/es/paquetes-adaptadores-adaptador-convertidor-corriente/dp/B0D9BH5QKQ/ref=sr_1_56?__mk_es_US=%C3%85M%C3%85%C5%BD%C3%95%C3%91&dib=eyJ2IjoiMSJ9.DLJ9xN7usA9ZSs8mh7fPvtYy7DvgD2Nk6YFdNLyorpx0ucWCorV3g4vGItLAVM0AtcPJWEECLrPGy8Spar4fpKP0e12hBq6UT3Xzru8xFfv7V1ju8mMjNYpDLCMXU4bAJlQ7-JhrbhpJUI1r5eGVo_BD_F_wjQJzyKu691F4bXBe-9SMXpcW-wN6-3WIRHruRmFDy9F06TZYVHTwOqTLJ7fj7-fO25m_pb2jL9bSbiQAs4WWlwJlQd23h7Oh9NHqfmrw4Nh8iFtUys7ucXYKo3JYTXPezAzP5iss7Na-Emw._hKCuAYKnjVuM95ZLJYocEVROKW3JlCOvzBydFvivF0&dib_tag=se&keywords=UNIDAPT%2BADAPTADOR%2BDE%2BENCHUFE%2BDE%2BVIAJE&qid=1744673757&sr=8-56,"Lenink 6 paquetes de adaptadores de enchufe de EE. UU. a Europa, adaptador de viaje tipo C, enchufe convertidor de corriente europeo portátil ignífugo para EE. UU. a UE, Italia, Francia, Alemania,"
https://www.amazon.com/-/es/Paquete-adaptadores-adaptador-convertidor-corriente/dp/B0D5Z37LPD/ref=sr_1_57?__mk_es_US=%C3%85M%C3%85%C5%BD%C3%95%C3%91&dib=eyJ2IjoiMSJ9.DLJ9xN7usA9ZSs8mh7fPvtYy7DvgD2Nk6YFdNLyorpx0ucWCorV3g4vGItLAVM0AtcPJWEECLrPGy8Spar4fpKP0e12hBq6UT3Xzru8xFfv7V1ju8mMjNYpDLCMXU4bAJlQ7-JhrbhpJUI1r5eGVo_BD_F_wjQJzyKu691F4bXBe-9SMXpcW-wN6-3WIRHruRmFDy9F06TZYVHTwOqTLJ7fj7-fO25m_pb2jL9bSbiQAs4WWlwJlQd23h7Oh9NHqfmrw4Nh8iFtUys7ucXYKo3JYTXPezAzP5iss7Na-Emw._hKCuAYKnjVuM95ZLJYocEVROKW3JlCOvzBydFvivF0&dib_tag=se&keywords=UNIDAPT%2BADAPTADOR%2BDE%2BENCHUFE%2BDE%2BVIAJE&qid=1744673757&sr=8-57,"Paquete de 2 adaptadores de enchufe ALINNA de EE. UU., UE AU CN a Estados Unidos, adaptador de enchufe de viaje, convertidor de corriente de corriente alterna, blanco"
https://www.amazon.com/-/es/Unidapt-tomacorrientes-protector-sobretensiones-alimentaci%C3%B3n/dp/B0BNPFH65W/ref=sr_1_58?__mk_es_US=%C3%85M%C3%85%C5%BD%C3%95%C3%91&dib=eyJ2IjoiMSJ9.DLJ9xN7usA9ZSs8mh7fPvtYy7DvgD2Nk6YFdNLyorpx0ucWCorV3g4vGItLAVM0AtcPJWEECLrPGy8Spar4fpKP0e12hBq6UT3Xzru8xFfv7V1ju8mMjNYpDLCMXU4bAJlQ7-JhrbhpJUI1r5eGVo_BD_F_wjQJzyKu691F4bXBe-9SMXpcW-wN6-3WIRHruRmFDy9F06TZYVHTwOqTLJ7fj7-fO25m_pb2jL9bSbiQAs4WWlwJlQd23h7Oh9NHqfmrw4Nh8iFtUys7ucXYKo3JYTXPezAzP5iss7Na-Emw._hKCuAYKnjVuM95ZLJYocEVROKW3JlCOvzBydFvivF0&dib_tag=se&keywords=UNIDAPT%2BADAPTADOR%2BDE%2BENCHUFE%2BDE%2BVIAJE&qid=1744673757&sr=8-58,"Unidapt - Extensor de 6 tomacorrientes, divisor de pared con protector de sobretensiones negro, tira de alimentación 1800J, adaptador espaciado de 3 lados amplios, expansor de cargador múltiple, grifo"
https://www.amazon.com/-/es/Adaptador-enchufe-Estados-Convertidor-corriente/dp/B0D5Z2T9B3/ref=sr_1_59?__mk_es_US=%C3%85M%C3%85%C5%BD%C3%95%C3%91&dib=eyJ2IjoiMSJ9.DLJ9xN7usA9ZSs8mh7fPvtYy7DvgD2Nk6YFdNLyorpx0ucWCorV3g4vGItLAVM0AtcPJWEECLrPGy8Spar4fpKP0e12hBq6UT3Xzru8xFfv7V1ju8mMjNYpDLCMXU4bAJlQ7-JhrbhpJUI1r5eGVo_BD_F_wjQJzyKu691F4bXBe-9SMXpcW-wN6-3WIRHruRmFDy9F06TZYVHTwOqTLJ7fj7-fO25m_pb2jL9bSbiQAs4WWlwJlQd23h7Oh9NHqfmrw4Nh8iFtUys7ucXYKo3JYTXPezAzP5iss7Na-Emw._hKCuAYKnjVuM95ZLJYocEVROKW3JlCOvzBydFvivF0&dib_tag=se&keywords=UNIDAPT%2BADAPTADOR%2BDE%2BENCHUFE%2BDE%2BVIAJE&qid=1744673757&sr=8-59,ALINNA Adaptador de enchufe de viaje UE Europa a Estados Unidos América Convertidor de corriente de CA (1 paquete)
https://www.amazon.com/-/es/Unidapt-enchufes-m%C3%BAltiples-adaptador-corriente/dp/B08JN58B38/ref=sr_1_60?__mk_es_US=%C3%85M%C3%85%C5%BD%C3%95%C3%91&dib=eyJ2IjoiMSJ9.DLJ9xN7usA9ZSs8mh7fPvtYy7DvgD2Nk6YFdNLyorpx0ucWCorV3g4vGItLAVM0AtcPJWEECLrPGy8Spar4fpKP0e12hBq6UT3Xzru8xFfv7V1ju8mMjNYpDLCMXU4bAJlQ7-JhrbhpJUI1r5eGVo_BD_F_wjQJzyKu691F4bXBe-9SMXpcW-wN6-3WIRHruRmFDy9F06TZYVHTwOqTLJ7fj7-fO25m_pb2jL9bSbiQAs4WWlwJlQd23h7Oh9NHqfmrw4Nh8iFtUys7ucXYKo3JYTXPezAzP5iss7Na-Emw._hKCuAYKnjVuM95ZLJYocEVROKW3JlCOvzBydFvivF0&dib_tag=se&keywords=UNIDAPT%2BADAPTADOR%2BDE%2BENCHUFE%2BDE%2BVIAJE&qid=1744673757&sr=8-60,"Unidapt - Divisor de enchufes múltiples, adaptador extensor de múltiples salidas con 6 tomas de corriente alterna, caja divisora lateral, expansor de enchufe de pared para hogar, hotel, oficina,"
